gpt-4-turbo-P1	3	4	5	5	4	4	4	4	4	4	4	4	4	5	3	5	4	4	
gpt-4-turbo-P2	3	1	3	4	4	4	4	4	4	4	4	4	5	4	4	5	4	4	4	5	5	4	4	4	
gpt-4-turbo-P3	3	2	2	4	4	4	4	4	4	3	1	3	3	2	2	3	2	3	3	3	3	3	3	3	2	4	4	
gpt-4-turbo-P5	4	4	5	4	5	5	4	5	5	4	3	4	4	4	4	4	5	5	4	5	4	4	4	4	3	
gpt-4-turbo-P6	3	4	3	4	2	3	4	4	4	5	5	4	1	2	3	3	3	3	3	4	3	4	4	4	4	4	
gpt-4-turbo-P7	3	4	4	4	4	4	5	4	4	4	4	4	4	5	5	4	5	5	5	5	5	5	5	5	4	5	4	
gpt-4-turbo-P9	3	4	4	4	4	4	4	2	4	4	3	3	3	2	4	3	3	3	4	4	2	4	4	4	4	4	
gpt-4-turbo-P10	4	5	4	5	5	5	4	4	4	4	4	4	4	4	4	2	4	4	4	4	4	
gpt-4-turbo-P11	3	4	4	4	4	4	4	4	4	4	4	2	5	4	4	4	4	4	4	4	4	5	4	4	4	4	4	
gpt-4-turbo-P13	3	3	4	4	4	4	4	5	4	4	4	4	5	4	1	1	2	1	2	3	3	3	4	3	1	2	
gpt-4-turbo-P15	4	4	4	4	4	4	5	5	5	4	4	4	5	4	4	4	5	5	4	4	4	4	5	4	4	4	
gpt-4-turbo-P16	4	4	4	3	4	5	4	5	4	4	4	4	4	3	4	4	4	4	4	4	4	3	
gpt-4-turbo-P17	3	3	4	4	3	4	3	3	3	3	3	3	4	4	4	4	5	4	4	4	
gpt-4-turbo-P18	4	4	4	4	4	4	3	4	4	4	4	4	2	4	4	3	4	4	4	4	4	4	
gpt-4-turbo-P19	4	3	4	4	3	4	3	4	4	4	4	5	4	4	4	2	3	4	4	2	4	4	4	
gpt-4-turbo-P21	3	4	4	4	2	4	5	4	5	4	5	5	
gpt-4-turbo-P22	3	4	4	1	3	3	3	3	1	2	3	2	2	3	3	2	4	2	4	2	2	4	3	3	3	
gpt-4-turbo-P23	3	4	4	4	5	4	4	4	5	4	4	4	4	4	5	4	5	5	5	4	4	4	
gpt-4-turbo-P25	4	4	4	3	4	4	3	4	4	4	5	4	5	3	4	4	4	4	3	4	4	5	4	4	4	4	4	
gpt-4-turbo-P27	3	4	3	3	4	4	4	4	4	4	5	4	4	5	4	4	5	4	5	5	4	4	4	4	4	3	4	4	4	
gpt-4-turbo-P28	3	4	4	4	4	4	4	5	4	4	4	3	3	3	
gpt-4-turbo-P29	3	3	4	3	3	4	4	4	5	4	4	4	4	4	4	4	4	5	4	4	4	3	5	3	4	3	4	
gpt-4-turbo-P30	4	3	4	4	4	2	4	3	3	3	3	4	4	4	4	3	4	3	3	4	5	4	4	3	3	4	
gpt-4-turbo-P31	2	3	4	3	3	4	2	2	3	2	3	4	3	2	3	2	3	3	3	3	2	3	3	3	
gpt-4-turbo-P32	4	1	3	2	3	3	4	2	2	2	1	4	2	2	2	3	3	3	4	3	4	4	4	3	
